sex,age,occupation,country,marital_status
male,22,engineer,USA,single
male,25,engineer,USA,married
male,18,engineer,USA,divorced
male,21,engineer,USA,widowed
male,25,engineer,Brazil,single
male,20,engineer,Brazil,married
male,27,engineer,Brazil,divorced
male,28,engineer,Brazil,widowed
male,24,engineer,Indonesia,single
male,18,engineer,Indonesia,married
male,23,engineer,Indonesia,divorced
male,29,engineer,Indonesia,widowed
male,23,engineer,Germany,single
male,24,engineer,Germany,married
male,25,engineer,Germany,divorced
male,23,engineer,Germany,widowed
male,26,engineer,France,single
male,26,engineer,France,married
male,26,engineer,France,divorced
male,29,engineer,France,widowed
male,20,engineer,Iran,single
male,24,engineer,Iran,married
male,23,engineer,Iran,divorced
male,25,engineer,Iran,widowed
male,28,engineer,Israel,single
male,18,engineer,Israel,married
male,28,engineer,Israel,divorced
male,21,engineer,Israel,widowed
male,23,engineer,Japan,single
male,26,engineer,Japan,married
male,25,engineer,Japan,divorced
male,29,engineer,Japan,widowed
male,20,engineer,China,single
male,24,engineer,China,married
male,27,engineer,China,divorced
male,23,engineer,China,widowed
male,21,engineer,India,single
male,30,engineer,India,married
male,28,engineer,India,divorced
male,18,engineer,India,widowed
male,21,teacher,USA,single
male,27,teacher,USA,married
male,19,teacher,USA,divorced
male,29,teacher,USA,widowed
male,29,teacher,Brazil,single
male,23,teacher,Brazil,married
male,24,teacher,Brazil,divorced
male,19,teacher,Brazil,widowed
male,25,teacher,Indonesia,single
male,28,teacher,Indonesia,married
male,19,teacher,Indonesia,divorced
male,18,teacher,Indonesia,widowed
male,25,teacher,Germany,single
male,30,teacher,Germany,married
male,24,teacher,Germany,divorced
male,26,teacher,Germany,widowed
male,23,teacher,France,single
male,26,teacher,France,married
male,28,teacher,France,divorced
male,28,teacher,France,widowed
male,22,teacher,Iran,single
male,30,teacher,Iran,married
male,20,teacher,Iran,divorced
male,19,teacher,Iran,widowed
male,28,teacher,Israel,single
male,18,teacher,Israel,married
male,20,teacher,Israel,divorced
male,23,teacher,Israel,widowed
male,18,teacher,Japan,single
male,23,teacher,Japan,married
male,29,teacher,Japan,divorced
male,22,teacher,Japan,widowed
male,28,teacher,China,single
male,30,teacher,China,married
male,20,teacher,China,divorced
male,26,teacher,China,widowed
male,30,teacher,India,single
male,20,teacher,India,married
male,24,teacher,India,divorced
male,18,teacher,India,widowed
male,19,doctor,USA,single
male,29,doctor,USA,married
male,30,doctor,USA,divorced
male,22,doctor,USA,widowed
male,20,doctor,Brazil,single
male,24,doctor,Brazil,married
male,28,doctor,Brazil,divorced
male,24,doctor,Brazil,widowed
male,25,doctor,Indonesia,single
male,20,doctor,Indonesia,married
male,27,doctor,Indonesia,divorced
male,22,doctor,Indonesia,widowed
male,29,doctor,Germany,single
male,29,doctor,Germany,married
male,26,doctor,Germany,divorced
male,30,doctor,Germany,widowed
male,21,doctor,France,single
male,21,doctor,France,married
male,28,doctor,France,divorced
male,28,doctor,France,widowed
male,30,doctor,Iran,single
male,19,doctor,Iran,married
male,27,doctor,Iran,divorced
male,22,doctor,Iran,widowed
male,21,doctor,Israel,single
male,22,doctor,Israel,married
male,26,doctor,Israel,divorced
male,25,doctor,Israel,widowed
male,18,doctor,Japan,single
male,29,doctor,Japan,married
male,23,doctor,Japan,divorced
male,20,doctor,Japan,widowed
male,21,doctor,China,single
male,26,doctor,China,married
male,27,doctor,China,divorced
male,20,doctor,China,widowed
male,27,doctor,India,single
male,19,doctor,India,married
male,18,doctor,India,divorced
male,25,doctor,India,widowed
male,22,artist,USA,single
male,29,artist,USA,married
male,30,artist,USA,divorced
male,29,artist,USA,widowed
male,23,artist,Brazil,single
male,30,artist,Brazil,married
male,26,artist,Brazil,divorced
male,21,artist,Brazil,widowed
male,20,artist,Indonesia,single
male,25,artist,Indonesia,married
male,27,artist,Indonesia,divorced
male,30,artist,Indonesia,widowed
male,21,artist,Germany,single
male,18,artist,Germany,married
male,19,artist,Germany,divorced
male,29,artist,Germany,widowed
male,25,artist,France,single
male,30,artist,France,married
male,27,artist,France,divorced
male,19,artist,France,widowed
male,22,artist,Iran,single
male,18,artist,Iran,married
male,25,artist,Iran,divorced
male,28,artist,Iran,widowed
male,28,artist,Israel,single
male,28,artist,Israel,married
male,30,artist,Israel,divorced
male,28,artist,Israel,widowed
male,28,artist,Japan,single
male,18,artist,Japan,married
male,23,artist,Japan,divorced
male,30,artist,Japan,widowed
male,19,artist,China,single
male,26,artist,China,married
male,30,artist,China,divorced
male,21,artist,China,widowed
male,24,artist,India,single
male,21,artist,India,married
male,30,artist,India,divorced
male,20,artist,India,widowed
male,25,chef,USA,single
male,24,chef,USA,married
male,27,chef,USA,divorced
male,21,chef,USA,widowed
male,30,chef,Brazil,single
male,24,chef,Brazil,married
male,24,chef,Brazil,divorced
male,18,chef,Brazil,widowed
male,26,chef,Indonesia,single
male,20,chef,Indonesia,married
male,29,chef,Indonesia,divorced
male,25,chef,Indonesia,widowed
male,18,chef,Germany,single
male,25,chef,Germany,married
male,29,chef,Germany,divorced
male,18,chef,Germany,widowed
male,24,chef,France,single
male,19,chef,France,married
male,18,chef,France,divorced
male,20,chef,France,widowed
male,25,chef,Iran,single
male,27,chef,Iran,married
male,23,chef,Iran,divorced
male,29,chef,Iran,widowed
male,20,chef,Israel,single
male,22,chef,Israel,married
male,21,chef,Israel,divorced
male,29,chef,Israel,widowed
male,18,chef,Japan,single
male,19,chef,Japan,married
male,28,chef,Japan,divorced
male,26,chef,Japan,widowed
male,29,chef,China,single
male,20,chef,China,married
male,30,chef,China,divorced
male,26,chef,China,widowed
male,27,chef,India,single
male,26,chef,India,married
male,23,chef,India,divorced
male,24,chef,India,widowed
male,43,engineer,USA,single
male,35,engineer,USA,married
male,51,engineer,USA,divorced
male,36,engineer,USA,widowed
male,52,engineer,Brazil,single
male,40,engineer,Brazil,married
male,32,engineer,Brazil,divorced
male,47,engineer,Brazil,widowed
male,34,engineer,Indonesia,single
male,52,engineer,Indonesia,married
male,50,engineer,Indonesia,divorced
male,49,engineer,Indonesia,widowed
male,54,engineer,Germany,single
male,32,engineer,Germany,married
male,33,engineer,Germany,divorced
male,37,engineer,Germany,widowed
male,55,engineer,France,single
male,35,engineer,France,married
male,45,engineer,France,divorced
male,35,engineer,France,widowed
male,33,engineer,Iran,single
male,32,engineer,Iran,married
male,36,engineer,Iran,divorced
male,45,engineer,Iran,widowed
male,42,engineer,Israel,single
male,39,engineer,Israel,married
male,33,engineer,Israel,divorced
male,49,engineer,Israel,widowed
male,52,engineer,Japan,single
male,32,engineer,Japan,married
male,33,engineer,Japan,divorced
male,32,engineer,Japan,widowed
male,53,engineer,China,single
male,37,engineer,China,married
male,53,engineer,China,divorced
male,32,engineer,China,widowed
male,34,engineer,India,single
male,31,engineer,India,married
male,42,engineer,India,divorced
male,41,engineer,India,widowed
male,36,teacher,USA,single
male,40,teacher,USA,married
male,45,teacher,USA,divorced
male,54,teacher,USA,widowed
male,35,teacher,Brazil,single
male,49,teacher,Brazil,married
male,51,teacher,Brazil,divorced
male,45,teacher,Brazil,widowed
male,32,teacher,Indonesia,single
male,45,teacher,Indonesia,married
male,40,teacher,Indonesia,divorced
male,46,teacher,Indonesia,widowed
male,53,teacher,Germany,single
male,31,teacher,Germany,married
male,32,teacher,Germany,divorced
male,46,teacher,Germany,widowed
male,48,teacher,France,single
male,53,teacher,France,married
male,50,teacher,France,divorced
male,36,teacher,France,widowed
male,46,teacher,Iran,single
male,35,teacher,Iran,married
male,35,teacher,Iran,divorced
male,42,teacher,Iran,widowed
male,31,teacher,Israel,single
male,40,teacher,Israel,married
male,33,teacher,Israel,divorced
male,49,teacher,Israel,widowed
male,42,teacher,Japan,single
male,51,teacher,Japan,married
male,34,teacher,Japan,divorced
male,38,teacher,Japan,widowed
male,32,teacher,China,single
male,43,teacher,China,married
male,44,teacher,China,divorced
male,41,teacher,China,widowed
male,55,teacher,India,single
male,48,teacher,India,married
male,53,teacher,India,divorced
male,34,teacher,India,widowed
male,34,doctor,USA,single
male,46,doctor,USA,married
male,47,doctor,USA,divorced
male,51,doctor,USA,widowed
male,33,doctor,Brazil,single
male,53,doctor,Brazil,married
male,43,doctor,Brazil,divorced
male,50,doctor,Brazil,widowed
male,51,doctor,Indonesia,single
male,40,doctor,Indonesia,married
male,33,doctor,Indonesia,divorced
male,47,doctor,Indonesia,widowed
male,34,doctor,Germany,single
male,48,doctor,Germany,married
male,42,doctor,Germany,divorced
male,45,doctor,Germany,widowed
male,47,doctor,France,single
male,44,doctor,France,married
male,49,doctor,France,divorced
male,39,doctor,France,widowed
male,51,doctor,Iran,single
male,45,doctor,Iran,married
male,54,doctor,Iran,divorced
male,34,doctor,Iran,widowed
male,48,doctor,Israel,single
male,36,doctor,Israel,married
male,42,doctor,Israel,divorced
male,43,doctor,Israel,widowed
male,38,doctor,Japan,single
male,37,doctor,Japan,married
male,35,doctor,Japan,divorced
male,50,doctor,Japan,widowed
male,31,doctor,China,single
male,32,doctor,China,married
male,46,doctor,China,divorced
male,52,doctor,China,widowed
male,37,doctor,India,single
male,32,doctor,India,married
male,49,doctor,India,divorced
male,49,doctor,India,widowed
male,55,artist,USA,single
male,40,artist,USA,married
male,53,artist,USA,divorced
male,34,artist,USA,widowed
male,51,artist,Brazil,single
male,44,artist,Brazil,married
male,43,artist,Brazil,divorced
male,54,artist,Brazil,widowed
male,35,artist,Indonesia,single
male,39,artist,Indonesia,married
male,50,artist,Indonesia,divorced
male,54,artist,Indonesia,widowed
male,35,artist,Germany,single
male,52,artist,Germany,married
male,51,artist,Germany,divorced
male,46,artist,Germany,widowed
male,33,artist,France,single
male,43,artist,France,married
male,52,artist,France,divorced
male,46,artist,France,widowed
male,33,artist,Iran,single
male,35,artist,Iran,married
male,54,artist,Iran,divorced
male,45,artist,Iran,widowed
male,41,artist,Israel,single
male,32,artist,Israel,married
male,48,artist,Israel,divorced
male,45,artist,Israel,widowed
male,47,artist,Japan,single
male,39,artist,Japan,married
male,52,artist,Japan,divorced
male,49,artist,Japan,widowed
male,49,artist,China,single
male,51,artist,China,married
male,34,artist,China,divorced
male,36,artist,China,widowed
male,50,artist,India,single
male,44,artist,India,married
male,41,artist,India,divorced
male,46,artist,India,widowed
male,33,chef,USA,single
male,47,chef,USA,married
male,32,chef,USA,divorced
male,44,chef,USA,widowed
male,42,chef,Brazil,single
male,46,chef,Brazil,married
male,42,chef,Brazil,divorced
male,53,chef,Brazil,widowed
male,31,chef,Indonesia,single
male,36,chef,Indonesia,married
male,47,chef,Indonesia,divorced
male,48,chef,Indonesia,widowed
male,51,chef,Germany,single
male,37,chef,Germany,married
male,44,chef,Germany,divorced
male,34,chef,Germany,widowed
male,51,chef,France,single
male,36,chef,France,married
male,35,chef,France,divorced
male,42,chef,France,widowed
male,40,chef,Iran,single
male,43,chef,Iran,married
male,49,chef,Iran,divorced
male,55,chef,Iran,widowed
male,34,chef,Israel,single
male,51,chef,Israel,married
male,51,chef,Israel,divorced
male,49,chef,Israel,widowed
male,32,chef,Japan,single
male,51,chef,Japan,married
male,48,chef,Japan,divorced
male,44,chef,Japan,widowed
male,46,chef,China,single
male,49,chef,China,married
male,45,chef,China,divorced
male,35,chef,China,widowed
male,54,chef,India,single
male,35,chef,India,married
male,45,chef,India,divorced
male,34,chef,India,widowed
male,60,engineer,USA,single
male,66,engineer,USA,married
male,73,engineer,USA,divorced
male,76,engineer,USA,widowed
male,68,engineer,Brazil,single
male,74,engineer,Brazil,married
male,58,engineer,Brazil,divorced
male,66,engineer,Brazil,widowed
male,78,engineer,Indonesia,single
male,66,engineer,Indonesia,married
male,72,engineer,Indonesia,divorced
male,65,engineer,Indonesia,widowed
male,60,engineer,Germany,single
male,74,engineer,Germany,married
male,74,engineer,Germany,divorced
male,75,engineer,Germany,widowed
male,58,engineer,France,single
male,68,engineer,France,married
male,76,engineer,France,divorced
male,60,engineer,France,widowed
male,77,engineer,Iran,single
male,80,engineer,Iran,married
male,80,engineer,Iran,divorced
male,61,engineer,Iran,widowed
male,76,engineer,Israel,single
male,59,engineer,Israel,married
male,74,engineer,Israel,divorced
male,58,engineer,Israel,widowed
male,62,engineer,Japan,single
male,64,engineer,Japan,married
male,61,engineer,Japan,divorced
male,79,engineer,Japan,widowed
male,79,engineer,China,single
male,68,engineer,China,married
male,66,engineer,China,divorced
male,79,engineer,China,widowed
male,67,engineer,India,single
male,80,engineer,India,married
male,59,engineer,India,divorced
male,76,engineer,India,widowed
male,67,teacher,USA,single
male,59,teacher,USA,married
male,72,teacher,USA,divorced
male,72,teacher,USA,widowed
male,56,teacher,Brazil,single
male,65,teacher,Brazil,married
male,71,teacher,Brazil,divorced
male,70,teacher,Brazil,widowed
male,66,teacher,Indonesia,single
male,79,teacher,Indonesia,married
male,60,teacher,Indonesia,divorced
male,74,teacher,Indonesia,widowed
male,64,teacher,Germany,single
male,59,teacher,Germany,married
male,69,teacher,Germany,divorced
male,71,teacher,Germany,widowed
male,67,teacher,France,single
male,58,teacher,France,married
male,61,teacher,France,divorced
male,65,teacher,France,widowed
male,58,teacher,Iran,single
male,67,teacher,Iran,married
male,80,teacher,Iran,divorced
male,62,teacher,Iran,widowed
male,74,teacher,Israel,single
male,78,teacher,Israel,married
male,78,teacher,Israel,divorced
male,73,teacher,Israel,widowed
male,61,teacher,Japan,single
male,64,teacher,Japan,married
male,63,teacher,Japan,divorced
male,74,teacher,Japan,widowed
male,65,teacher,China,single
male,65,teacher,China,married
male,71,teacher,China,divorced
male,59,teacher,China,widowed
male,57,teacher,India,single
male,78,teacher,India,married
male,78,teacher,India,divorced
male,75,teacher,India,widowed
male,58,doctor,USA,single
male,69,doctor,USA,married
male,75,doctor,USA,divorced
male,78,doctor,USA,widowed
male,76,doctor,Brazil,single
male,65,doctor,Brazil,married
male,63,doctor,Brazil,divorced
male,56,doctor,Brazil,widowed
male,69,doctor,Indonesia,single
male,56,doctor,Indonesia,married
male,69,doctor,Indonesia,divorced
male,71,doctor,Indonesia,widowed
male,71,doctor,Germany,single
male,61,doctor,Germany,married
male,74,doctor,Germany,divorced
male,70,doctor,Germany,widowed
male,74,doctor,France,single
male,65,doctor,France,married
male,61,doctor,France,divorced
male,68,doctor,France,widowed
male,60,doctor,Iran,single
male,58,doctor,Iran,married
male,68,doctor,Iran,divorced
male,63,doctor,Iran,widowed
male,63,doctor,Israel,single
male,59,doctor,Israel,married
male,62,doctor,Israel,divorced
male,58,doctor,Israel,widowed
male,75,doctor,Japan,single
male,56,doctor,Japan,married
male,64,doctor,Japan,divorced
male,59,doctor,Japan,widowed
male,78,doctor,China,single
male,74,doctor,China,married
male,58,doctor,China,divorced
male,58,doctor,China,widowed
male,80,doctor,India,single
male,76,doctor,India,married
male,71,doctor,India,divorced
male,66,doctor,India,widowed
male,66,artist,USA,single
male,66,artist,USA,married
male,65,artist,USA,divorced
male,77,artist,USA,widowed
male,77,artist,Brazil,single
male,77,artist,Brazil,married
male,56,artist,Brazil,divorced
male,64,artist,Brazil,widowed
male,78,artist,Indonesia,single
male,60,artist,Indonesia,married
male,69,artist,Indonesia,divorced
male,77,artist,Indonesia,widowed
male,74,artist,Germany,single
male,67,artist,Germany,married
male,64,artist,Germany,divorced
male,70,artist,Germany,widowed
male,65,artist,France,single
male,73,artist,France,married
male,70,artist,France,divorced
male,73,artist,France,widowed
male,66,artist,Iran,single
male,64,artist,Iran,married
male,72,artist,Iran,divorced
male,63,artist,Iran,widowed
male,57,artist,Israel,single
male,72,artist,Israel,married
male,69,artist,Israel,divorced
male,60,artist,Israel,widowed
male,73,artist,Japan,single
male,78,artist,Japan,married
male,63,artist,Japan,divorced
male,59,artist,Japan,widowed
male,64,artist,China,single
male,76,artist,China,married
male,57,artist,China,divorced
male,58,artist,China,widowed
male,79,artist,India,single
male,65,artist,India,married
male,64,artist,India,divorced
male,62,artist,India,widowed
male,73,chef,USA,single
male,74,chef,USA,married
male,75,chef,USA,divorced
male,72,chef,USA,widowed
male,72,chef,Brazil,single
male,57,chef,Brazil,married
male,60,chef,Brazil,divorced
male,59,chef,Brazil,widowed
male,68,chef,Indonesia,single
male,58,chef,Indonesia,married
male,76,chef,Indonesia,divorced
male,61,chef,Indonesia,widowed
male,76,chef,Germany,single
male,79,chef,Germany,married
male,59,chef,Germany,divorced
male,66,chef,Germany,widowed
male,57,chef,France,single
male,65,chef,France,married
male,79,chef,France,divorced
male,61,chef,France,widowed
male,58,chef,Iran,single
male,67,chef,Iran,married
male,57,chef,Iran,divorced
male,79,chef,Iran,widowed
male,58,chef,Israel,single
male,78,chef,Israel,married
male,71,chef,Israel,divorced
male,69,chef,Israel,widowed
male,74,chef,Japan,single
male,56,chef,Japan,married
male,72,chef,Japan,divorced
male,74,chef,Japan,widowed
male,57,chef,China,single
male,74,chef,China,married
male,77,chef,China,divorced
male,59,chef,China,widowed
male,70,chef,India,single
male,58,chef,India,married
male,63,chef,India,divorced
male,78,chef,India,widowed
female,23,engineer,USA,single
female,20,engineer,USA,married
female,20,engineer,USA,divorced
female,25,engineer,USA,widowed
female,26,engineer,Brazil,single
female,27,engineer,Brazil,married
female,20,engineer,Brazil,divorced
female,26,engineer,Brazil,widowed
female,30,engineer,Indonesia,single
female,27,engineer,Indonesia,married
female,21,engineer,Indonesia,divorced
female,28,engineer,Indonesia,widowed
female,18,engineer,Germany,single
female,26,engineer,Germany,married
female,21,engineer,Germany,divorced
female,26,engineer,Germany,widowed
female,18,engineer,France,single
female,19,engineer,France,married
female,21,engineer,France,divorced
female,24,engineer,France,widowed
female,20,engineer,Iran,single
female,21,engineer,Iran,married
female,25,engineer,Iran,divorced
female,18,engineer,Iran,widowed
female,21,engineer,Israel,single
female,29,engineer,Israel,married
female,19,engineer,Israel,divorced
female,28,engineer,Israel,widowed
female,24,engineer,Japan,single
female,22,engineer,Japan,married
female,27,engineer,Japan,divorced
female,27,engineer,Japan,widowed
female,29,engineer,China,single
female,28,engineer,China,married
female,20,engineer,China,divorced
female,21,engineer,China,widowed
female,22,engineer,India,single
female,20,engineer,India,married
female,18,engineer,India,divorced
female,21,engineer,India,widowed
female,28,teacher,USA,single
female,30,teacher,USA,married
female,25,teacher,USA,divorced
female,20,teacher,USA,widowed
female,19,teacher,Brazil,single
female,20,teacher,Brazil,married
female,26,teacher,Brazil,divorced
female,30,teacher,Brazil,widowed
female,29,teacher,Indonesia,single
female,28,teacher,Indonesia,married
female,22,teacher,Indonesia,divorced
female,19,teacher,Indonesia,widowed
female,30,teacher,Germany,single
female,29,teacher,Germany,married
female,30,teacher,Germany,divorced
female,23,teacher,Germany,widowed
female,20,teacher,France,single
female,25,teacher,France,married
female,29,teacher,France,divorced
female,28,teacher,France,widowed
female,21,teacher,Iran,single
female,29,teacher,Iran,married
female,20,teacher,Iran,divorced
female,21,teacher,Iran,widowed
female,26,teacher,Israel,single
female,29,teacher,Israel,married
female,26,teacher,Israel,divorced
female,29,teacher,Israel,widowed
female,29,teacher,Japan,single
female,22,teacher,Japan,married
female,30,teacher,Japan,divorced
female,20,teacher,Japan,widowed
female,30,teacher,China,single
female,29,teacher,China,married
female,23,teacher,China,divorced
female,21,teacher,China,widowed
female,23,teacher,India,single
female,23,teacher,India,married
female,22,teacher,India,divorced
female,25,teacher,India,widowed
female,21,doctor,USA,single
female,30,doctor,USA,married
female,18,doctor,USA,divorced
female,22,doctor,USA,widowed
female,20,doctor,Brazil,single
female,30,doctor,Brazil,married
female,28,doctor,Brazil,divorced
female,27,doctor,Brazil,widowed
female,27,doctor,Indonesia,single
female,22,doctor,Indonesia,married
female,19,doctor,Indonesia,divorced
female,24,doctor,Indonesia,widowed
female,21,doctor,Germany,single
female,18,doctor,Germany,married
female,28,doctor,Germany,divorced
female,26,doctor,Germany,widowed
female,28,doctor,France,single
female,30,doctor,France,married
female,25,doctor,France,divorced
female,25,doctor,France,widowed
female,25,doctor,Iran,single
female,28,doctor,Iran,married
female,29,doctor,Iran,divorced
female,25,doctor,Iran,widowed
female,25,doctor,Israel,single
female,18,doctor,Israel,married
female,30,doctor,Israel,divorced
female,20,doctor,Israel,widowed
female,25,doctor,Japan,single
female,24,doctor,Japan,married
female,27,doctor,Japan,divorced
female,22,doctor,Japan,widowed
female,25,doctor,China,single
female,30,doctor,China,married
female,28,doctor,China,divorced
female,18,doctor,China,widowed
female,23,doctor,India,single
female,21,doctor,India,married
female,20,doctor,India,divorced
female,21,doctor,India,widowed
female,21,artist,USA,single
female,24,artist,USA,married
female,23,artist,USA,divorced
female,22,artist,USA,widowed
female,23,artist,Brazil,single
female,27,artist,Brazil,married
female,24,artist,Brazil,divorced
female,29,artist,Brazil,widowed
female,27,artist,Indonesia,single
female,21,artist,Indonesia,married
female,20,artist,Indonesia,divorced
female,26,artist,Indonesia,widowed
female,23,artist,Germany,single
female,24,artist,Germany,married
female,24,artist,Germany,divorced
female,24,artist,Germany,widowed
female,23,artist,France,single
female,18,artist,France,married
female,30,artist,France,divorced
female,28,artist,France,widowed
female,24,artist,Iran,single
female,24,artist,Iran,married
female,18,artist,Iran,divorced
female,22,artist,Iran,widowed
female,25,artist,Israel,single
female,21,artist,Israel,married
female,23,artist,Israel,divorced
female,28,artist,Israel,widowed
female,29,artist,Japan,single
female,26,artist,Japan,married
female,19,artist,Japan,divorced
female,20,artist,Japan,widowed
female,19,artist,China,single
female,28,artist,China,married
female,28,artist,China,divorced
female,29,artist,China,widowed
female,30,artist,India,single
female,18,artist,India,married
female,29,artist,India,divorced
female,21,artist,India,widowed
female,22,chef,USA,single
female,27,chef,USA,married
female,22,chef,USA,divorced
female,25,chef,USA,widowed
female,30,chef,Brazil,single
female,26,chef,Brazil,married
female,20,chef,Brazil,divorced
female,22,chef,Brazil,widowed
female,30,chef,Indonesia,single
female,26,chef,Indonesia,married
female,25,chef,Indonesia,divorced
female,26,chef,Indonesia,widowed
female,20,chef,Germany,single
female,21,chef,Germany,married
female,19,chef,Germany,divorced
female,18,chef,Germany,widowed
female,30,chef,France,single
female,28,chef,France,married
female,29,chef,France,divorced
female,24,chef,France,widowed
female,29,chef,Iran,single
female,21,chef,Iran,married
female,24,chef,Iran,divorced
female,24,chef,Iran,widowed
female,24,chef,Israel,single
female,30,chef,Israel,married
female,27,chef,Israel,divorced
female,26,chef,Israel,widowed
female,23,chef,Japan,single
female,25,chef,Japan,married
female,26,chef,Japan,divorced
female,30,chef,Japan,widowed
female,23,chef,China,single
female,21,chef,China,married
female,27,chef,China,divorced
female,22,chef,China,widowed
female,29,chef,India,single
female,20,chef,India,married
female,26,chef,India,divorced
female,29,chef,India,widowed
female,50,engineer,USA,single
female,46,engineer,USA,married
female,31,engineer,USA,divorced
female,43,engineer,USA,widowed
female,40,engineer,Brazil,single
female,33,engineer,Brazil,married
female,39,engineer,Brazil,divorced
female,38,engineer,Brazil,widowed
female,32,engineer,Indonesia,single
female,37,engineer,Indonesia,married
female,45,engineer,Indonesia,divorced
female,55,engineer,Indonesia,widowed
female,51,engineer,Germany,single
female,51,engineer,Germany,married
female,39,engineer,Germany,divorced
female,41,engineer,Germany,widowed
female,33,engineer,France,single
female,50,engineer,France,married
female,39,engineer,France,divorced
female,50,engineer,France,widowed
female,48,engineer,Iran,single
female,50,engineer,Iran,married
female,50,engineer,Iran,divorced
female,46,engineer,Iran,widowed
female,51,engineer,Israel,single
female,36,engineer,Israel,married
female,49,engineer,Israel,divorced
female,52,engineer,Israel,widowed
female,50,engineer,Japan,single
female,47,engineer,Japan,married
female,50,engineer,Japan,divorced
female,40,engineer,Japan,widowed
female,47,engineer,China,single
female,40,engineer,China,married
female,53,engineer,China,divorced
female,46,engineer,China,widowed
female,36,engineer,India,single
female,44,engineer,India,married
female,39,engineer,India,divorced
female,34,engineer,India,widowed
female,45,teacher,USA,single
female,32,teacher,USA,married
female,41,teacher,USA,divorced
female,42,teacher,USA,widowed
female,44,teacher,Brazil,single
female,39,teacher,Brazil,married
female,34,teacher,Brazil,divorced
female,37,teacher,Brazil,widowed
female,47,teacher,Indonesia,single
female,37,teacher,Indonesia,married
female,53,teacher,Indonesia,divorced
female,36,teacher,Indonesia,widowed
female,33,teacher,Germany,single
female,51,teacher,Germany,married
female,38,teacher,Germany,divorced
female,53,teacher,Germany,widowed
female,45,teacher,France,single
female,43,teacher,France,married
female,53,teacher,France,divorced
female,41,teacher,France,widowed
female,32,teacher,Iran,single
female,50,teacher,Iran,married
female,55,teacher,Iran,divorced
female,39,teacher,Iran,widowed
female,31,teacher,Israel,single
female,49,teacher,Israel,married
female,45,teacher,Israel,divorced
female,44,teacher,Israel,widowed
female,34,teacher,Japan,single
female,37,teacher,Japan,married
female,50,teacher,Japan,divorced
female,44,teacher,Japan,widowed
female,46,teacher,China,single
female,36,teacher,China,married
female,42,teacher,China,divorced
female,45,teacher,China,widowed
female,45,teacher,India,single
female,49,teacher,India,married
female,46,teacher,India,divorced
female,34,teacher,India,widowed
female,55,doctor,USA,single
female,31,doctor,USA,married
female,43,doctor,USA,divorced
female,53,doctor,USA,widowed
female,33,doctor,Brazil,single
female,46,doctor,Brazil,married
female,37,doctor,Brazil,divorced
female,53,doctor,Brazil,widowed
female,49,doctor,Indonesia,single
female,54,doctor,Indonesia,married
female,46,doctor,Indonesia,divorced
female,47,doctor,Indonesia,widowed
female,54,doctor,Germany,single
female,31,doctor,Germany,married
female,36,doctor,Germany,divorced
female,42,doctor,Germany,widowed
female,53,doctor,France,single
female,33,doctor,France,married
female,39,doctor,France,divorced
female,41,doctor,France,widowed
female,53,doctor,Iran,single
female,45,doctor,Iran,married
female,51,doctor,Iran,divorced
female,52,doctor,Iran,widowed
female,52,doctor,Israel,single
female,51,doctor,Israel,married
female,34,doctor,Israel,divorced
female,53,doctor,Israel,widowed
female,49,doctor,Japan,single
female,33,doctor,Japan,married
female,34,doctor,Japan,divorced
female,54,doctor,Japan,widowed
female,45,doctor,China,single
female,31,doctor,China,married
female,42,doctor,China,divorced
female,32,doctor,China,widowed
female,32,doctor,India,single
female,50,doctor,India,married
female,36,doctor,India,divorced
female,43,doctor,India,widowed
female,50,artist,USA,single
female,44,artist,USA,married
female,31,artist,USA,divorced
female,42,artist,USA,widowed
female,35,artist,Brazil,single
female,44,artist,Brazil,married
female,40,artist,Brazil,divorced
female,36,artist,Brazil,widowed
female,51,artist,Indonesia,single
female,36,artist,Indonesia,married
female,39,artist,Indonesia,divorced
female,44,artist,Indonesia,widowed
female,40,artist,Germany,single
female,39,artist,Germany,married
female,34,artist,Germany,divorced
female,39,artist,Germany,widowed
female,40,artist,France,single
female,42,artist,France,married
female,53,artist,France,divorced
female,51,artist,France,widowed
female,38,artist,Iran,single
female,37,artist,Iran,married
female,52,artist,Iran,divorced
female,34,artist,Iran,widowed
female,37,artist,Israel,single
female,33,artist,Israel,married
female,48,artist,Israel,divorced
female,41,artist,Israel,widowed
female,37,artist,Japan,single
female,55,artist,Japan,married
female,54,artist,Japan,divorced
female,34,artist,Japan,widowed
female,49,artist,China,single
female,33,artist,China,married
female,36,artist,China,divorced
female,32,artist,China,widowed
female,49,artist,India,single
female,54,artist,India,married
female,49,artist,India,divorced
female,52,artist,India,widowed
female,32,chef,USA,single
female,44,chef,USA,married
female,42,chef,USA,divorced
female,41,chef,USA,widowed
female,40,chef,Brazil,single
female,37,chef,Brazil,married
female,35,chef,Brazil,divorced
female,55,chef,Brazil,widowed
female,35,chef,Indonesia,single
female,49,chef,Indonesia,married
female,47,chef,Indonesia,divorced
female,44,chef,Indonesia,widowed
female,48,chef,Germany,single
female,53,chef,Germany,married
female,50,chef,Germany,divorced
female,35,chef,Germany,widowed
female,52,chef,France,single
female,42,chef,France,married
female,54,chef,France,divorced
female,46,chef,France,widowed
female,52,chef,Iran,single
female,36,chef,Iran,married
female,52,chef,Iran,divorced
female,38,chef,Iran,widowed
female,44,chef,Israel,single
female,38,chef,Israel,married
female,39,chef,Israel,divorced
female,37,chef,Israel,widowed
female,48,chef,Japan,single
female,35,chef,Japan,married
female,48,chef,Japan,divorced
female,54,chef,Japan,widowed
female,50,chef,China,single
female,53,chef,China,married
female,32,chef,China,divorced
female,55,chef,China,widowed
female,36,chef,India,single
female,38,chef,India,married
female,55,chef,India,divorced
female,54,chef,India,widowed
female,63,engineer,USA,single
female,60,engineer,USA,married
female,58,engineer,USA,divorced
female,66,engineer,USA,widowed
female,76,engineer,Brazil,single
female,59,engineer,Brazil,married
female,68,engineer,Brazil,divorced
female,74,engineer,Brazil,widowed
female,67,engineer,Indonesia,single
female,69,engineer,Indonesia,married
female,64,engineer,Indonesia,divorced
female,79,engineer,Indonesia,widowed
female,79,engineer,Germany,single
female,63,engineer,Germany,married
female,67,engineer,Germany,divorced
female,72,engineer,Germany,widowed
female,73,engineer,France,single
female,59,engineer,France,married
female,64,engineer,France,divorced
female,74,engineer,France,widowed
female,59,engineer,Iran,single
female,58,engineer,Iran,married
female,74,engineer,Iran,divorced
female,72,engineer,Iran,widowed
female,80,engineer,Israel,single
female,68,engineer,Israel,married
female,73,engineer,Israel,divorced
female,59,engineer,Israel,widowed
female,56,engineer,Japan,single
female,71,engineer,Japan,married
female,67,engineer,Japan,divorced
female,64,engineer,Japan,widowed
female,68,engineer,China,single
female,60,engineer,China,married
female,61,engineer,China,divorced
female,68,engineer,China,widowed
female,80,engineer,India,single
female,58,engineer,India,married
female,64,engineer,India,divorced
female,64,engineer,India,widowed
female,71,teacher,USA,single
female,69,teacher,USA,married
female,78,teacher,USA,divorced
female,61,teacher,USA,widowed
female,74,teacher,Brazil,single
female,60,teacher,Brazil,married
female,80,teacher,Brazil,divorced
female,59,teacher,Brazil,widowed
female,67,teacher,Indonesia,single
female,74,teacher,Indonesia,married
female,78,teacher,Indonesia,divorced
female,80,teacher,Indonesia,widowed
female,80,teacher,Germany,single
female,74,teacher,Germany,married
female,72,teacher,Germany,divorced
female,68,teacher,Germany,widowed
female,72,teacher,France,single
female,57,teacher,France,married
female,75,teacher,France,divorced
female,73,teacher,France,widowed
female,56,teacher,Iran,single
female,68,teacher,Iran,married
female,73,teacher,Iran,divorced
female,69,teacher,Iran,widowed
female,64,teacher,Israel,single
female,78,teacher,Israel,married
female,57,teacher,Israel,divorced
female,71,teacher,Israel,widowed
female,71,teacher,Japan,single
female,62,teacher,Japan,married
female,56,teacher,Japan,divorced
female,77,teacher,Japan,widowed
female,58,teacher,China,single
female,59,teacher,China,married
female,80,teacher,China,divorced
female,63,teacher,China,widowed
female,75,teacher,India,single
female,78,teacher,India,married
female,73,teacher,India,divorced
female,67,teacher,India,widowed
female,70,doctor,USA,single
female,60,doctor,USA,married
female,67,doctor,USA,divorced
female,62,doctor,USA,widowed
female,70,doctor,Brazil,single
female,77,doctor,Brazil,married
female,57,doctor,Brazil,divorced
female,63,doctor,Brazil,widowed
female,73,doctor,Indonesia,single
female,76,doctor,Indonesia,married
female,73,doctor,Indonesia,divorced
female,77,doctor,Indonesia,widowed
female,74,doctor,Germany,single
female,80,doctor,Germany,married
female,62,doctor,Germany,divorced
female,75,doctor,Germany,widowed
female,66,doctor,France,single
female,58,doctor,France,married
female,60,doctor,France,divorced
female,68,doctor,France,widowed
female,64,doctor,Iran,single
female,77,doctor,Iran,married
female,62,doctor,Iran,divorced
female,80,doctor,Iran,widowed
female,78,doctor,Israel,single
female,66,doctor,Israel,married
female,79,doctor,Israel,divorced
female,69,doctor,Israel,widowed
female,64,doctor,Japan,single
female,64,doctor,Japan,married
female,67,doctor,Japan,divorced
female,68,doctor,Japan,widowed
female,66,doctor,China,single
female,77,doctor,China,married
female,76,doctor,China,divorced
female,80,doctor,China,widowed
female,62,doctor,India,single
female,62,doctor,India,married
female,56,doctor,India,divorced
female,77,doctor,India,widowed
female,71,artist,USA,single
female,73,artist,USA,married
female,75,artist,USA,divorced
female,68,artist,USA,widowed
female,58,artist,Brazil,single
female,69,artist,Brazil,married
female,63,artist,Brazil,divorced
female,65,artist,Brazil,widowed
female,56,artist,Indonesia,single
female,67,artist,Indonesia,married
female,63,artist,Indonesia,divorced
female,72,artist,Indonesia,widowed
female,65,artist,Germany,single
female,71,artist,Germany,married
female,58,artist,Germany,divorced
female,62,artist,Germany,widowed
female,80,artist,France,single
female,69,artist,France,married
female,73,artist,France,divorced
female,76,artist,France,widowed
female,63,artist,Iran,single
female,77,artist,Iran,married
female,72,artist,Iran,divorced
female,71,artist,Iran,widowed
female,62,artist,Israel,single
female,79,artist,Israel,married
female,77,artist,Israel,divorced
female,64,artist,Israel,widowed
female,67,artist,Japan,single
female,61,artist,Japan,married
female,57,artist,Japan,divorced
female,71,artist,Japan,widowed
female,80,artist,China,single
female,79,artist,China,married
female,65,artist,China,divorced
female,69,artist,China,widowed
female,72,artist,India,single
female,66,artist,India,married
female,63,artist,India,divorced
female,74,artist,India,widowed
female,75,chef,USA,single
female,63,chef,USA,married
female,77,chef,USA,divorced
female,65,chef,USA,widowed
female,62,chef,Brazil,single
female,73,chef,Brazil,married
female,64,chef,Brazil,divorced
female,78,chef,Brazil,widowed
female,58,chef,Indonesia,single
female,57,chef,Indonesia,married
female,70,chef,Indonesia,divorced
female,66,chef,Indonesia,widowed
female,58,chef,Germany,single
female,80,chef,Germany,married
female,62,chef,Germany,divorced
female,63,chef,Germany,widowed
female,68,chef,France,single
female,69,chef,France,married
female,60,chef,France,divorced
female,78,chef,France,widowed
female,66,chef,Iran,single
female,75,chef,Iran,married
female,65,chef,Iran,divorced
female,71,chef,Iran,widowed
female,80,chef,Israel,single
female,56,chef,Israel,married
female,64,chef,Israel,divorced
female,80,chef,Israel,widowed
female,73,chef,Japan,single
female,78,chef,Japan,married
female,67,chef,Japan,divorced
female,58,chef,Japan,widowed
female,56,chef,China,single
female,64,chef,China,married
female,72,chef,China,divorced
female,68,chef,China,widowed
female,58,chef,India,single
female,59,chef,India,married
female,67,chef,India,divorced
female,68,chef,India,widowed
